Latitude,Longitude,rainfall,temperature,clay,sand,silt,river_distance,Elevation,Slope,Flood_Index
12.5,74,8.617178082,27.96758904,310,423,260,349847.182,595,0,0.584267466
12.5,74.1,10.41145205,27.87635616,310,423,260,138128.7917,595,0,0.730959882
12.5,74.2,10.41145205,27.87635616,310,423,260,112455.5367,595,0,0.740741737
12.5,74.3,10.41145205,27.87635616,310,423,260,105642.4037,595,0,0.743337633
12.5,74.4,10.41145205,27.87635616,310,423,260,152101.6823,595,0,0.725636022
12.5,74.5,10.41145205,27.87635616,310,423,260,136352.5278,595,0,0.731636662
12.5,74.6,10.41145205,27.87635616,310,423,260,159650.5211,595,0,0.722759813
12.5,74.7,10.67827397,26.88180822,310,423,260,90704.34608,595,0,0.758847623
12.5,74.8,10.67827397,26.88180822,310,423,260,51000.32546,595,0,0.773975389
12.5,74.9,10.67827397,26.88180822,310,423,260,121525.8476,595,0,0.747104216
12.5,75,10.67827397,26.88180822,342,428,229,88247.44825,595,89.99820709,0.617610854
12.5,75.1,10.67827397,26.88180822,315,471,214,42632.98527,93,89.99524689,0.683126913
12.5,75.2,10.67827397,26.88180822,298,490,211,74813.38933,210,89.99761963,0.644626067
12.5,75.3,10.67827397,26.88180822,324,490,185,45685.99346,169,89.99771118,0.668144687
12.5,75.4,7.83690411,23.51619178,255,536,210,32004.04813,236,89.99846649,0.527923684
12.6,74,8.617178082,27.96758904,310,423,260,228410.9896,595,0,0.63053629
12.6,74.1,10.41145205,27.87635616,310,423,260,178825.3116,595,0,0.715453959
12.6,74.2,10.41145205,27.87635616,310,423,260,184934.5127,595,0,0.713126272
12.6,74.3,10.41145205,27.87635616,310,423,260,144467.4484,595,0,0.728544768
12.6,74.4,10.41145205,27.87635616,310,423,260,107222.5802,595,0,0.742735564
12.6,74.5,10.41145205,27.87635616,310,423,260,179048.6338,595,0,0.715368871
12.6,74.6,10.41145205,27.87635616,310,423,260,123062.2994,595,0,0.736700418
12.6,74.7,10.67827397,26.88180822,310,423,260,132927.9091,595,0,0.742759877
12.6,74.8,10.67827397,26.88180822,310,423,260,138023.0448,595,0,0.740818561
12.6,74.9,10.67827397,26.88180822,310,423,260,79142.54323,595,0,0.763252825
12.6,75,10.67827397,26.88180822,341,470,189,292028.5305,61,89.99762726,0.599601884
12.6,75.1,10.67827397,26.88180822,302,479,219,62897.03232,76,89.99790955,0.671862902
12.6,75.2,10.67827397,26.88180822,298,484,218,22457.75899,109,89.99116516,0.68024218
12.6,75.3,10.67827397,26.88180822,271,529,200,96031.28846,117,89.9899292,0.630422904
12.6,75.4,7.83690411,23.51619178,268,533,199,128218.2016,204,89.99601746,0.499795773
12.7,74,8.617178082,27.96758904,310,423,260,249740.8717,595,0,0.622409318
12.7,74.1,10.41145205,27.87635616,310,423,260,148599.648,595,0,0.726970344
12.7,74.2,10.41145205,27.87635616,310,423,260,318030.0296,595,0,0.662415087
12.7,74.3,10.41145205,27.87635616,310,423,260,141448.9475,595,0,0.729694858
12.7,74.4,10.41145205,27.87635616,310,423,260,193664.5405,595,0,0.709800013
12.7,74.5,10.41145205,27.87635616,310,423,260,94444.67653,595,0,0.747604118
12.7,74.6,10.41145205,27.87635616,310,423,260,293266.6017,595,0,0.671850287
12.7,74.7,10.67827397,26.88180822,310,423,260,112988.1513,595,0,0.750357193
12.7,74.8,10.67827397,26.88180822,310,423,260,29544.22653,595,0,0.782150452
12.7,74.9,10.67827397,26.88180822,310,423,260,99651.4362,4,89.99288177,0.685602731
12.7,75,10.67827397,26.88180822,334,495,171,53980.10736,131,89.998703,0.671414792
12.7,75.1,10.67827397,26.88180822,299,475,226,58962.62546,120,89.99604797,0.667813134
12.7,75.2,10.67827397,26.88180822,311,451,238,58434.00564,135,89.99116516,0.676397118
12.7,75.3,10.67827397,26.88180822,313,438,249,264566.5787,101,89.99714661,0.606909817
12.7,75.4,7.83690411,23.51619178,269,492,239,51105.09009,95,89.9899292,0.556606546
12.8,74,9.624383562,27.97646575,310,423,260,355497.136,595,0,0.619177435
12.8,74.1,11.72052055,27.90646575,310,423,260,194875.0907,595,0,0.757509271
12.8,74.2,11.72052055,27.90646575,310,423,260,244539.8792,595,0,0.738586317
12.8,74.3,11.72052055,27.90646575,310,423,260,167113.962,595,0,0.768086635
12.8,74.4,11.72052055,27.90646575,310,423,260,188985.8484,595,0,0.759753151
12.8,74.5,11.72052055,27.90646575,310,423,260,241066.1641,595,0,0.73990985
12.8,74.6,11.72052055,27.90646575,310,423,260,170170.6182,595,0,0.766922007
12.8,74.7,11.0450411,26.49967123,310,423,260,29257.79554,595,0,0.795755712
12.8,74.8,11.0450411,26.49967123,310,423,260,146829.5948,595,0,0.750959273
12.8,74.9,11.0450411,26.49967123,376,463,161,69839.36255,51,89.99714661,0.710459485
12.8,75,11.0450411,26.49967123,331,476,193,174246.1642,83,89.99794006,0.650541239
12.8,75.1,11.0450411,26.49967123,302,471,227,150803.6947,163,89.99881744,0.642478789
12.8,75.2,11.0450411,26.49967123,308,437,255,123986.0662,105,89.99436951,0.672413635
12.8,75.3,11.0450411,26.49967123,302,428,269,154153.4153,89,89.99227142,0.664077239
12.8,75.4,7.129835616,23.02832877,261,528,212,97993.09608,116,89.99524689,0.497040131
12.9,74,9.624383562,27.97646575,310,423,260,185394.2158,595,0,0.683988939
12.9,74.1,11.72052055,27.90646575,310,423,260,242259.1061,595,0,0.739455323
12.9,74.2,11.72052055,27.90646575,310,423,260,202777.3794,595,0,0.754498392
12.9,74.3,11.72052055,27.90646575,310,423,260,422505.9924,595,0,0.670778832
12.9,74.4,11.72052055,27.90646575,310,423,260,236801.2672,595,0,0.741534833
12.9,74.5,11.72052055,27.90646575,310,423,260,123328.5925,595,0,0.78476945
12.9,74.6,11.72052055,27.90646575,310,423,260,142659.2943,595,0,0.777404192
12.9,74.7,11.0450411,26.49967123,310,423,260,93833.46596,595,0,0.771151512
12.9,74.8,11.0450411,26.49967123,310,423,260,113425.3066,595,0,0.763686757
12.9,74.9,11.0450411,26.49967123,365,485,150,70142.8836,87,89.99681091,0.695920547
12.9,75,11.0450411,26.49967123,388,470,142,92557.57025,37,89.99288177,0.704763259
12.9,75.1,11.0450411,26.49967123,339,484,176,141609.4339,151,89.99777222,0.653302292
12.9,75.2,11.0450411,26.49967123,324,436,240,79784.89774,77,89.99375153,0.697576846
12.9,75.3,11.0450411,26.49967123,295,452,254,132857.1828,83,89.97748566,0.664237295
12.9,75.4,7.129835616,23.02832877,270,477,252,119055.6877,108,89.99288177,0.507571959
13,74,9.624383562,27.97646575,310,423,260,253065.2959,595,0,0.658205346
13,74.1,11.72052055,27.90646575,310,423,260,159813.7942,595,0,0.770868097
13,74.2,11.72052055,27.90646575,310,423,260,171821.7971,595,0,0.766292886
13,74.3,11.72052055,27.90646575,310,423,260,101990.7023,595,0,0.792899473
13,74.4,11.72052055,27.90646575,310,423,260,261596.9609,595,0,0.73208734
13,74.5,11.72052055,27.90646575,310,423,260,111625.7863,595,0,0.789228377
13,74.6,11.72052055,27.90646575,310,423,260,96255.38796,595,0,0.795084705
13,74.7,11.0450411,26.49967123,310,423,260,129024.3146,595,0,0.757743325
13,74.8,11.0450411,26.49967123,310,423,260,113146.0487,3,89.98575592,0.694104729
13,74.9,11.0450411,26.49967123,387,457,156,160108.7559,43,89.99720764,0.681863569
13,75,11.0450411,26.49967123,377,457,165,218840.3991,61,89.9973526,0.654257473
13,75.1,11.0450411,26.49967123,346,415,239,19527.77124,82,89.99726868,0.731993682
13,75.2,11.0450411,26.49967123,315,463,222,50004.06151,89,89.99681091,0.696768621
13,75.3,11.0450411,26.49967123,308,474,218,85318.17301,94,89.99475861,0.677472289
13,75.4,7.129835616,23.02832877,278,507,215,156523.2151,154,89.99604797,0.48025857
13.1,74,9.624383562,27.97646575,310,423,260,174469.4652,595,0,0.688151416
13.1,74.1,11.72052055,27.90646575,310,423,260,220679.1805,595,0,0.747677565
13.1,74.2,11.72052055,27.90646575,310,423,260,365806.7841,595,0,0.692381994
13.1,74.3,11.72052055,27.90646575,310,423,260,243236.9907,595,0,0.739082735
13.1,74.4,11.72052055,27.90646575,310,423,260,234599.754,595,0,0.742373639
13.1,74.5,11.72052055,27.90646575,310,423,260,164724.8626,595,0,0.768996914
13.1,74.6,11.72052055,27.90646575,310,423,260,167615.0821,595,0,0.767895701
13.1,74.7,11.0450411,26.49967123,310,423,260,67697.91656,595,0,0.781109508
13.1,74.8,11.0450411,26.49967123,334,390,276,148266.3121,6,89.98873901,0.697642208
13.1,74.9,11.0450411,26.49967123,342,450,209,125757.8765,19,89.99375153,0.688599832
13.1,75,11.0450411,26.49967123,353,479,167,93887.93756,121,89.99227142,0.680765555
13.1,75.1,11.0450411,26.49967123,367,457,177,141238.2761,93,89.97748566,0.677176541
13.1,75.2,11.0450411,26.49967123,321,473,206,46700.93848,200,89.99817657,0.681536052
13.1,75.3,11.0450411,26.49967123,368,436,195,98002.65951,614,89.99909973,0.629257863
13.1,75.4,7.129835616,23.02832877,331,476,193,177927.414,472,89.99830627,0.452310429
13.2,74,9.624383562,27.97646575,310,423,260,182240.3989,595,0,0.685190585
13.2,74.1,11.72052055,27.90646575,310,423,260,244044.5222,595,0,0.738775055
13.2,74.2,11.72052055,27.90646575,310,423,260,191912.7158,595,0,0.758637975
13.2,74.3,11.72052055,27.90646575,310,423,260,256910.2073,595,0,0.733873056
13.2,74.4,11.72052055,27.90646575,310,423,260,190275.142,595,0,0.759261913
13.2,74.5,11.72052055,27.90646575,310,423,260,168687.1327,595,0,0.767487235
13.2,74.6,11.72052055,27.90646575,310,423,260,230486.823,595,0,0.743940721
13.2,74.7,11.0450411,26.49967123,310,423,260,123179.8183,595,0,0.759970157
13.2,74.8,11.0450411,26.49967123,345,416,240,207842.5424,31,89.99375153,0.666748785
13.2,74.9,11.0450411,26.49967123,328,454,218,30515.49143,58,89.99475861,0.714547865
13.2,75,11.0450411,26.49967123,311,446,243,110676.3856,85,89.98407745,0.678290058
13.2,75.1,11.0450411,26.49967123,323,443,234,162413.3557,75,89.99549866,0.663986369
13.2,75.2,11.0450411,26.49967123,340,415,245,124687.4832,836,89.99765778,0.588082232
13.2,75.3,11.0450411,26.49967123,347,411,243,162409.3054,868,89.99861908,0.572570738
13.2,75.4,7.129835616,23.02832877,332,420,248,154655.6488,872,89.99892426,0.42408977
13.3,74,9.854876712,27.96764384,310,423,260,295239.1375,595,0,0.650618124
13.3,74.1,12.16586301,27.73630137,310,423,260,300302.0042,595,0,0.733727701
13.3,74.2,12.16586301,27.73630137,310,423,260,227878.4575,595,0,0.761322048
13.3,74.3,12.16586301,27.73630137,310,423,260,187933.0196,595,0,0.776541798
13.3,74.4,12.16586301,27.73630137,310,423,260,144094.6089,595,0,0.793244823
13.3,74.5,12.16586301,27.73630137,310,423,260,183169.538,595,0,0.778356748
13.3,74.6,12.16586301,27.73630137,310,423,260,388770.9376,595,0,0.700019846
13.3,74.7,10.30813699,25.14427397,310,423,260,133981.8603,595,0,0.728738179
13.3,74.8,10.30813699,25.14427397,296,448,257,157262.4425,7,89.98575592,0.639586881
13.3,74.9,10.30813699,25.14427397,332,400,268,132072.6709,46,89.99549866,0.6677143
13.3,75,10.30813699,25.14427397,353,443,204,220394.1251,46,89.98937988,0.62663764
13.3,75.1,10.30813699,25.14427397,268,435,297,121978.6954,735,89.99846649,0.550661641
13.3,75.2,10.30813699,25.14427397,311,413,276,298602.8057,1001,89.99879456,0.465273775
13.3,75.3,10.30813699,25.14427397,315,389,296,100939.7862,1108,89.99549866,0.534377729
13.3,75.4,5.685123288,22.18046575,352,374,274,161326.4857,864,89.99765778,0.388631959
13.4,74,9.854876712,27.96764384,310,423,260,263621.1882,595,0,0.662664988
13.4,74.1,12.16586301,27.73630137,310,423,260,93000.10554,595,0,0.812712516
13.4,74.2,12.16586301,27.73630137,310,423,260,195592.4951,595,0,0.773623434
13.4,74.3,12.16586301,27.73630137,310,423,260,286962.7043,595,0,0.738810154
13.4,74.4,12.16586301,27.73630137,310,423,260,259133.3668,595,0,0.749413507
13.4,74.5,12.16586301,27.73630137,310,423,260,246471.7437,595,0,0.754237755
13.4,74.6,12.16586301,27.73630137,310,423,260,165299.977,595,0,0.785165292
13.4,74.7,10.30813699,25.14427397,326,401,273,211247.0223,11,89.96816254,0.640455293
13.4,74.8,10.30813699,25.14427397,317,425,258,344749.2712,24,89.98407745,0.578182279
13.4,74.9,10.30813699,25.14427397,332,416,253,70306.84364,28,89.99557495,0.689009184
13.4,75,10.30813699,25.14427397,343,421,236,201685.8792,51,89.98873901,0.637089094
13.4,75.1,10.30813699,25.14427397,303,442,255,215285.0542,492,89.99897003,0.555188992
13.4,75.2,10.30813699,25.14427397,299,424,277,194625.2141,655,89.98407745,0.545355263
13.4,75.3,10.30813699,25.14427397,337,426,237,201197.4969,676,89.99549866,0.549406993
13.4,75.4,5.685123288,22.18046575,343,422,235,114937.5517,866,89.99854279,0.389174304
13.5,74,9.854876712,27.96764384,310,423,260,360473.2432,595,0,0.625763051
13.5,74.1,12.16586301,27.73630137,310,423,260,325849.1807,595,0,0.723993883
13.5,74.2,12.16586301,27.73630137,310,423,260,308817.0011,595,0,0.730483373
13.5,74.3,12.16586301,27.73630137,310,423,260,220656.7141,595,0,0.764073629
13.5,74.4,12.16586301,27.73630137,310,423,260,255565.5868,595,0,0.750772879
13.5,74.5,12.16586301,27.73630137,310,423,260,243151.6839,595,0,0.755502743
13.5,74.6,12.16586301,27.73630137,310,423,260,165358.2887,595,0,0.785143074
13.5,74.7,10.30813699,25.14427397,345,400,255,210873.6307,3,89.9899292,0.646961314
13.5,74.8,10.30813699,25.14427397,338,436,226,159330.2416,23,89.99249268,0.651172519
13.5,74.9,10.30813699,25.14427397,337,419,244,151332.8928,38,89.99407959,0.657048874
13.5,75,10.30813699,25.14427397,325,438,238,188245.1609,88,89.99654388,0.627448082
13.5,75.1,10.30813699,25.14427397,281,419,299,201719.8145,689,89.9985733,0.534627683
13.5,75.2,10.30813699,25.14427397,284,433,283,155621.7313,644,89.99502563,0.555015942
13.5,75.3,10.30813699,25.14427397,286,444,270,150506.8447,653,89.9980011,0.552947434
13.5,75.4,5.685123288,22.18046575,337,419,244,216221.1598,784,89.99204254,0.361038053
13.6,74,9.854876712,27.96764384,310,423,260,410956.4848,595,0,0.606528256
13.6,74.1,12.16586301,27.73630137,310,423,260,176986.9221,595,0,0.780712408
13.6,74.2,12.16586301,27.73630137,310,423,260,285075.9967,595,0,0.739529015
13.6,74.3,12.16586301,27.73630137,310,423,260,205017.7854,595,0,0.770032272
13.6,74.4,12.16586301,27.73630137,310,423,260,155412.0868,595,0,0.788932711
13.6,74.5,12.16586301,27.73630137,310,423,260,242878.0061,595,0,0.755607018
13.6,74.6,12.16586301,27.73630137,310,423,260,202642.0713,595,0,0.770937451
13.6,74.7,10.30813699,25.14427397,339,405,256,244448.1258,15,89.98575592,0.629456453
13.6,74.8,10.30813699,25.14427397,328,401,271,166791.6864,18,89.98575592,0.656942397
13.6,74.9,10.30813699,25.14427397,292,469,238,251883.3688,65,89.99581909,0.58796242
13.6,75,10.30813699,25.14427397,310,458,232,197488.7585,110,89.99116516,0.610809596
13.6,75.1,10.30813699,25.14427397,288,453,259,120134.6361,679,89.99557495,0.558809246
13.6,75.2,10.30813699,25.14427397,271,461,268,184945.1553,690,89.99654388,0.525722359
13.6,75.3,10.30813699,25.14427397,286,435,279,153664.2917,679,89.97748566,0.550968321
13.6,75.4,5.685123288,22.18046575,299,427,274,162665.4285,719,89.99854279,0.377807515
13.7,74,9.854876712,27.96764384,310,423,260,263531.4688,595,0,0.662699173
13.7,74.1,12.16586301,27.73630137,310,423,260,221848.2325,595,0,0.763619645
13.7,74.2,12.16586301,27.73630137,310,423,260,238445.9331,595,0,0.757295697
13.7,74.3,12.16586301,27.73630137,310,423,260,216485.1573,595,0,0.765663049
13.7,74.4,12.16586301,27.73630137,310,423,260,123362.144,595,0,0.801144171
13.7,74.5,12.16586301,27.73630137,310,423,260,273671.7602,595,0,0.743874183
13.7,74.6,12.16586301,27.73630137,310,423,260,210352.7534,595,0,0.767999577
13.7,74.7,10.30813699,25.14427397,296,448,256,207947.5012,13,89.99362946,0.61929981
13.7,74.8,10.30813699,25.14427397,303,475,222,318295.0507,50,89.99765778,0.565930273
13.7,74.9,10.30813699,25.14427397,280,476,244,452068.9267,91,89.99452972,0.503034793
13.7,75,10.30813699,25.14427397,275,444,281,172908.8104,170,89.99785614,0.607016135
13.7,75.1,10.30813699,25.14427397,251,484,265,190227.994,688,89.99802399,0.511760436
13.7,75.2,10.30813699,25.14427397,269,454,277,134088.5682,649,89.99562073,0.552246209
13.7,75.3,10.30813699,25.14427397,285,434,280,141643.719,620,89.99362946,0.563412623
13.7,75.4,5.685123288,22.18046575,291,443,267,316796.5911,609,89.99604797,0.327213569
13.8,74,9.450630137,27.89986301,310,423,260,290913.594,595,0,0.637390937
13.8,74.1,12.10082192,26.75980822,310,423,260,279992.2545,595,0,0.739072638
13.8,74.2,12.10082192,26.75980822,310,423,260,327949.7679,595,0,0.720800179
13.8,74.3,12.10082192,26.75980822,310,423,260,236939.497,595,0,0.755476318
13.8,74.4,12.10082192,26.75980822,310,423,260,251351.4827,595,0,0.749985157
13.8,74.5,12.10082192,26.75980822,310,423,260,199766.3282,595,0,0.769639796
13.8,74.6,12.10082192,26.75980822,310,423,260,212570.4339,595,0,0.764761259
13.8,74.7,9.040383562,23.95835616,266,481,252,214170.4072,47,89.99662018,0.547639738
13.8,74.8,9.040383562,23.95835616,308,460,232,181594.2626,37,89.96816254,0.579023038
13.8,74.9,9.040383562,23.95835616,259,461,280,167303.5664,162,89.99654388,0.55423697
13.8,75,9.040383562,23.95835616,241,472,287,188054.8625,584,89.96816254,0.481075576
13.8,75.1,9.040383562,23.95835616,245,471,284,242672.1324,643,89.9949646,0.453576378
13.8,75.2,9.040383562,23.95835616,253,448,299,266175.8879,639,89.9949646,0.454215222
13.8,75.3,9.040383562,23.95835616,272,457,271,217555.2675,689,89.99643707,0.468254011
13.8,75.4,4.148931507,23.57112329,275,425,301,85678.58192,672,89.99755096,0.351407952
13.9,74,9.450630137,27.89986301,310,423,260,284886.4862,595,0,0.639687346
13.9,74.1,12.10082192,26.75980822,310,423,260,240983.2837,595,0,0.753935581
13.9,74.2,12.10082192,26.75980822,310,423,260,60967.20542,595,0,0.822524131
13.9,74.3,12.10082192,26.75980822,310,423,260,207031.9398,595,0,0.7668715
13.9,74.4,12.10082192,26.75980822,310,423,260,251598.1648,595,0,0.749891168
13.9,74.5,12.10082192,26.75980822,310,423,260,315242.0877,595,0,0.725641977
13.9,74.6,12.10082192,26.75980822,310,423,260,279982.9836,6,89.97748566,0.668994653
13.9,74.7,9.040383562,23.95835616,258,457,284,409234.9364,232,89.99821472,0.453356119
13.9,74.8,9.040383562,23.95835616,274,427,299,30775.15695,317,89.998703,0.599448911
13.9,74.9,9.040383562,23.95835616,254,460,285,208090.0776,606,89.98407745,0.477334514
13.9,75,9.040383562,23.95835616,266,429,305,221348.9865,578,89.99227142,0.488736212
13.9,75.1,9.040383562,23.95835616,232,437,331,142986.5108,593,89.99549866,0.505168347
13.9,75.2,9.040383562,23.95835616,269,432,299,116682.4945,722,89.99557495,0.508966465
13.9,75.3,9.040383562,23.95835616,300,400,300,193457.0228,739,89.99407959,0.495247457
13.9,75.4,4.148931507,23.57112329,312,395,293,252191.6929,757,89.99654388,0.295105178
14,74,9.450630137,27.89986301,310,423,260,349295.3362,595,0,0.615146707
14,74.1,12.10082192,26.75980822,310,423,260,246968.1004,595,0,0.751655285
14,74.2,12.10082192,26.75980822,310,423,260,287319.9288,595,0,0.736280695
14,74.3,12.10082192,26.75980822,310,423,260,180902.2281,595,0,0.776827272
14,74.4,12.10082192,26.75980822,310,423,260,283871.9445,595,0,0.737594424
14,74.5,12.10082192,26.75980822,310,423,260,251237.1122,595,0,0.750028734
14,74.6,12.10082192,26.75980822,267,467,266,136890.1744,135,89.9949646,0.682406165
14,74.7,9.040383562,23.95835616,273,435,292,240565.6063,593,89.98873901,0.479422315
14,74.8,9.040383562,23.95835616,248,475,277,209339.4384,623,89.99581909,0.468572119
14,74.9,9.040383562,23.95835616,310,423,260,239753.4559,576,89.99362946,0.494373547
14,75,9.040383562,23.95835616,263,421,315,185573.5792,579,89.98575592,0.503716448
14,75.1,9.040383562,23.95835616,255,433,313,280391.8324,596,89.99362946,0.459835609
14,75.2,9.040383562,23.95835616,242,463,296,266099.4352,626,89.99375153,0.448729006
14,75.3,9.040383562,23.95835616,302,430,268,168698.437,665,89.99227142,0.506194558
14,75.4,4.148931507,23.57112329,324,402,274,175442.6957,660,89.98575592,0.33857495
14.1,74,9.450630137,27.89986301,310,423,260,120629.7659,595,0,0.702271369
14.1,74.1,12.10082192,26.75980822,310,423,260,376629.6399,595,0,0.702252492
14.1,74.2,12.10082192,26.75980822,310,423,260,106214.7776,595,0,0.805284197
14.1,74.3,12.10082192,26.75980822,310,423,260,237372.192,595,0,0.755311455
14.1,74.4,12.10082192,26.75980822,310,423,260,216353.5292,595,0,0.763319849
14.1,74.5,12.10082192,26.75980822,313,410,277,139625.0467,11,89.98407745,0.727538015
14.1,74.6,12.10082192,26.75980822,285,474,242,383351.8292,90,89.99645996,0.597387064
14.1,74.7,9.040383562,23.95835616,245,455,300,174459.4364,194,89.99794769,0.545284825
14.1,74.8,9.040383562,23.95835616,251,458,291,194852.3539,564,89.99733734,0.488012857
14.1,74.9,9.040383562,23.95835616,264,436,300,279268.9367,553,89.98407745,0.467432071
14.1,75,9.040383562,23.95835616,240,460,300,121192.6979,622,89.99227142,0.504714474
14.1,75.1,9.040383562,23.95835616,256,458,286,122321.0178,689,89.99407959,0.50002
14.1,75.2,9.040383562,23.95835616,245,485,270,239154.8421,644,89.99407959,0.450557563
14.1,75.3,9.040383562,23.95835616,286,419,295,210199.7365,744,89.99204254,0.478765886
14.1,75.4,4.148931507,23.57112329,322,422,256,402997.5417,696,89.99375153,0.24041456
14.2,74,9.450630137,27.89986301,310,423,260,324881.4237,595,0,0.624448737
14.2,74.1,12.10082192,26.75980822,310,423,260,266484.2722,595,0,0.744219361
14.2,74.2,12.10082192,26.75980822,310,423,260,273413.4591,595,0,0.741579247
14.2,74.3,12.10082192,26.75980822,310,423,260,305650.4654,595,0,0.729296514
14.2,74.4,12.10082192,26.75980822,310,423,260,75864.09817,595,0,0.816848214
14.2,74.5,12.10082192,26.75980822,296,448,256,266975.0333,81,89.99581909,0.653549838
14.2,74.6,12.10082192,26.75980822,288,443,269,250063.1599,90,89.99626923,0.658170132
14.2,74.7,9.040383562,23.95835616,307,409,283,252070.416,107,89.99761963,0.557605886
14.2,74.8,9.040383562,23.95835616,222,457,321,299536.529,495,89.99375153,0.450140739
14.2,74.9,9.040383562,23.95835616,270,440,290,124688.6828,573,89.99116516,0.52398099
14.2,75,9.040383562,23.95835616,271,441,288,241964.2937,572,89.97748566,0.479417911
14.2,75.1,9.040383562,23.95835616,247,472,281,276042.0152,648,89.99227142,0.440414314
14.2,75.2,9.040383562,23.95835616,267,432,302,229415.0927,724,89.99798584,0.465359364
14.2,75.3,9.040383562,23.95835616,322,391,286,214563.602,616,89.99288177,0.512261566
14.2,75.4,4.148931507,23.57112329,301,433,266,66413.46739,699,89.99745941,0.359384104
14.3,74,8.666520548,27.73328767,310,423,260,392199.6284,595,0,0.569946294
14.3,74.1,9.290739726,26.1110411,310,423,260,305903.279,595,0,0.625796092
14.3,74.2,9.290739726,26.1110411,310,423,260,375182.632,595,0,0.599399726
14.3,74.3,9.290739726,26.1110411,310,423,260,360748.9578,595,0,0.60489915
14.3,74.4,9.290739726,26.1110411,310,423,260,262076.1986,595,0,0.6424948
14.3,74.5,9.290739726,26.1110411,264,492,244,258761.6311,68,89.99288177,0.533321815
14.3,74.6,9.290739726,26.1110411,233,443,324,323301.6644,372,89.9990921,0.474098448
14.3,74.7,5.669013699,23.8489589,231,463,306,188872.3275,615,89.99718475,0.352530683
14.3,74.8,5.669013699,23.8489589,248,457,295,335069.5874,549,89.99524689,0.312078149
14.3,74.9,5.669013699,23.8489589,298,419,282,190758.5257,591,89.99407959,0.385879968
14.3,75,5.669013699,23.8489589,290,421,289,217842.5404,577,89.98575592,0.374907323
14.3,75.1,5.669013699,23.8489589,261,454,285,216294.6785,610,89.98407745,0.353413995
14.3,75.2,5.669013699,23.8489589,315,395,290,332563.2912,684,89.99204254,0.331117407
14.3,75.3,5.669013699,23.8489589,315,385,300,171155.5838,624,89.98873901,0.403776571
14.3,75.4,3.26290411,24.65082192,387,337,276,322256.3876,592,89.98575592,0.295493853
14.4,74,8.666520548,27.73328767,310,423,260,380028.7751,595,0,0.574583553
14.4,74.1,9.290739726,26.1110411,310,423,260,365531.4512,595,0,0.603076956
14.4,74.2,9.290739726,26.1110411,310,423,260,245451.3655,595,0,0.648829085
14.4,74.3,9.290739726,26.1110411,310,423,260,288015.081,595,0,0.632611737
14.4,74.4,9.290739726,26.1110411,310,423,260,301877.4879,2,89.98407745,0.557779965
14.4,74.5,9.290739726,26.1110411,249,441,309,544443.6011,27,89.99626923,0.441312061
14.4,74.6,9.290739726,26.1110411,262,455,282,234492.6601,193,89.99886322,0.536094987
14.4,74.7,5.669013699,23.8489589,244,433,322,321989.3871,308,89.9990387,0.355779492
14.4,74.8,5.669013699,23.8489589,285,426,289,341060.8083,520,89.9949646,0.332846577
14.4,74.9,5.669013699,23.8489589,241,456,303,174253.3329,624,89.99204254,0.361639636
14.4,75,5.669013699,23.8489589,272,450,278,205579.8392,581,89.96816254,0.365565616
14.4,75.1,5.669013699,23.8489589,257,434,309,294587.5337,577,89.9899292,0.333029204
14.4,75.2,5.669013699,23.8489589,357,363,280,221748.2266,583,0,0.557764342
14.4,75.3,5.669013699,23.8489589,309,401,290,292492.3482,643,89.99227142,0.348551406
14.4,75.4,3.26290411,24.65082192,310,382,308,180570.319,639,89.99502563,0.309191727
14.5,74,8.666520548,27.73328767,310,423,260,305501.6257,595,0,0.602979401
14.5,74.1,9.290739726,26.1110411,310,423,260,289573.4859,595,0,0.632017963
14.5,74.2,9.290739726,26.1110411,310,423,260,532755.3557,595,0,0.539362396
14.5,74.3,9.290739726,26.1110411,310,423,260,343245.2945,595,0,0.611568282
14.5,74.4,9.290739726,26.1110411,310,423,260,354858.0705,2,89.97748566,0.537604636
14.5,74.5,9.290739726,26.1110411,282,430,289,273260.3927,48,89.99720764,0.554110624
14.5,74.6,9.290739726,26.1110411,256,443,301,308797.6408,523,89.99700165,0.465217651
14.5,74.7,5.669013699,23.8489589,263,459,278,339714.7626,592,89.99116516,0.307837553
14.5,74.8,5.669013699,23.8489589,248,459,293,491326.3841,488,89.99407959,0.260213664
14.5,74.9,5.669013699,23.8489589,254,450,297,315111.4805,575,89.99687958,0.319997568
14.5,75,5.669013699,23.8489589,238,459,303,76217.42506,573,89.98873901,0.404218077
14.5,75.1,5.669013699,23.8489589,291,430,279,272635.9652,581,89.99227142,0.351024847
14.5,75.2,5.669013699,23.8489589,305,397,298,150023.7893,619,89.99362946,0.406238217
14.5,75.3,5.669013699,23.8489589,344,392,264,279292.0343,594,89.96816254,0.372217569
14.5,75.4,3.26290411,24.65082192,295,361,344,270873.3542,612,89.99116516,0.280832692
14.6,74,8.666520548,27.73328767,310,423,260,267048.7377,595,0,0.617630469
14.6,74.1,9.290739726,26.1110411,310,423,260,171892.8636,595,0,0.676855865
14.6,74.2,9.290739726,26.1110411,310,423,260,194177.3796,595,0,0.668365165
14.6,74.3,9.290739726,26.1110411,310,423,260,271141.1985,595,0,0.639040913
14.6,74.4,9.290739726,26.1110411,294,388,318,340017.2826,19,89.99475861,0.54830469
14.6,74.5,9.290739726,26.1110411,249,438,313,82667.61508,672,89.99781036,0.530828795
14.6,74.6,9.290739726,26.1110411,284,466,250,339287.8632,497,89.9985199,0.457571386
14.6,74.7,5.669013699,23.8489589,271,473,255,393662.7124,613,89.99288177,0.282169228
14.6,74.8,5.669013699,23.8489589,242,473,284,356477.1543,568,89.99772644,0.294780594
14.6,74.9,5.669013699,23.8489589,265,460,275,89796.49004,574,89.96816254,0.405765289
14.6,75,5.669013699,23.8489589,258,462,280,274876.6549,591,89.97748566,0.330475572
14.6,75.1,5.669013699,23.8489589,361,367,272,332596.1571,549,89.99249268,0.37000035
14.6,75.2,5.669013699,23.8489589,339,352,309,213244.543,571,89.98937988,0.41121812
14.6,75.3,5.669013699,23.8489589,338,363,299,109020.3005,588,89.9899292,0.445039095
14.6,75.4,3.26290411,24.65082192,330,388,282,272882.289,644,0,0.42680121
14.7,74,8.666520548,27.73328767,310,423,260,309178.7189,595,0,0.601578379
14.7,74.1,9.290739726,26.1110411,310,423,260,423373.0257,595,0,0.581038537
14.7,74.2,9.290739726,26.1110411,310,423,260,225313.3108,595,0,0.656501956
14.7,74.3,9.290739726,26.1110411,304,416,280,352321.1413,35,89.99475861,0.535635731
14.7,74.4,9.290739726,26.1110411,257,442,301,295959.5937,177,89.98937988,0.517613309
14.7,74.5,9.290739726,26.1110411,292,422,286,365632.0587,29,89.99375153,0.526402609
14.7,74.6,9.290739726,26.1110411,248,431,320,54770.85558,159,89.99879456,0.612731271
14.7,74.7,5.669013699,23.8489589,253,478,269,295015.6228,535,89.99663544,0.324217748
14.7,74.8,5.669013699,23.8489589,255,438,306,387868.0479,476,89.99544525,0.309293575
14.7,74.9,5.669013699,23.8489589,271,447,282,341107.7051,613,89.99654388,0.310181866
14.7,75,5.669013699,23.8489589,271,448,281,170172.6772,631,89.99452972,0.372570769
14.7,75.1,5.669013699,23.8489589,341,393,266,102330.1644,589,89.98575592,0.439197881
14.7,75.2,5.669013699,23.8489589,375,325,300,136077.6805,550,89.98407745,0.461123331
14.7,75.3,5.669013699,23.8489589,375,316,309,76328.6351,574,89.97748566,0.483360479
14.7,75.4,3.26290411,24.65082192,389,317,294,239198.4525,608,89.98873901,0.331528234
14.8,74,7.079205479,27.30109589,310,423,260,84020.30184,595,0,0.628957487
14.8,74.1,7.355917808,24.93920548,310,423,260,425043.8366,82,89.99900818,0.428780457
14.8,74.2,7.355917808,24.93920548,284,447,270,386293.7132,115,89.99843597,0.42615548
14.8,74.3,7.355917808,24.93920548,244,437,319,280609.8598,311,89.99705505,0.432157424
14.8,74.4,7.355917808,24.93920548,271,426,303,231188.1508,148,89.99795532,0.483536558
14.8,74.5,7.355917808,24.93920548,292,459,249,340244.7621,634,89.99475861,0.371659168
14.8,74.6,7.355917808,24.93920548,303,416,281,378348.1466,99,89.99777222,0.445573609
14.8,74.7,4.357452055,24.3559726,267,421,312,132822.2319,213,89.99832916,0.402316409
14.8,74.8,4.357452055,24.3559726,234,455,311,451557.7985,515,89.99742126,0.22094948
14.8,74.9,4.357452055,24.3559726,263,451,286,330534.6041,538,89.99643707,0.272802157
14.8,75,4.357452055,24.3559726,259,467,274,318208.1875,549,89.98873901,0.270135885
14.8,75.1,4.357452055,24.3559726,391,342,267,339522.8717,583,89.98575592,0.329958937
14.8,75.2,4.357452055,24.3559726,384,345,271,73655.19916,544,89.98873901,0.433790151
14.8,75.3,4.357452055,24.3559726,341,400,259,244935.3653,533,89.9899292,0.342076725
14.8,75.4,3.024438356,24.97230137,358,371,271,354655.2743,570,89.99116516,0.259437133
14.9,74,7.079205479,27.30109589,310,423,260,388833.3324,595,0,0.512819618
14.9,74.1,7.355917808,24.93920548,310,423,260,265223.6639,4,89.99116516,0.500265829
14.9,74.2,7.355917808,24.93920548,280,419,300,169708.2942,7,89.98575592,0.530443102
14.9,74.3,7.355917808,24.93920548,275,423,302,346917.2413,14,89.99116516,0.459587871
14.9,74.4,7.355917808,24.93920548,261,438,301,310171.0253,332,89.99895477,0.42222674
14.9,74.5,7.355917808,24.93920548,321,397,282,302184.3356,81,89.99851227,0.487516116
14.9,74.6,7.355917808,24.93920548,255,453,293,342605.6634,399,89.99204254,0.394832231
14.9,74.7,4.357452055,24.3559726,250,460,290,58231.53221,514,89.99690247,0.373661416
14.9,74.8,4.357452055,24.3559726,263,459,277,378842.9108,468,89.99726868,0.261325639
14.9,74.9,4.357452055,24.3559726,266,429,305,334159.0335,530,89.98873901,0.279949565
14.9,75,4.357452055,24.3559726,305,403,292,355093.7942,535,89.9899292,0.289429491
14.9,75.1,4.357452055,24.3559726,288,446,265,166669.0234,620,89.9899292,0.332083589
14.9,75.2,4.357452055,24.3559726,338,377,285,51018.87003,600,89.9899292,0.413023898
14.9,75.3,4.357452055,24.3559726,401,295,304,77122.47363,566,89.96816254,0.449093777
14.9,75.4,3.024438356,24.97230137,416,284,300,358722.4195,546,89.97748566,0.302723058
15,74,7.079205479,27.30109589,310,423,260,350782.3113,595,0,0.527317569
15,74.1,7.355917808,24.93920548,273,427,300,369485.569,38,89.9899292,0.446001323
15,74.2,7.355917808,24.93920548,307,431,261,406021.0687,92,89.99227142,0.432368725
15,74.3,7.355917808,24.93920548,275,411,314,432273.6115,145,89.99855804,0.412908155
15,74.4,7.355917808,24.93920548,286,432,283,395109.0941,564,89.99643707,0.366959201
15,74.5,7.355917808,24.93920548,257,439,304,447593.1439,645,89.99803925,0.32606112
15,74.6,7.355917808,24.93920548,263,438,299,83607.97387,406,89.9973526,0.49904453
15,74.7,4.357452055,24.3559726,248,456,296,416849.1928,525,89.99407959,0.236215473
15,74.8,4.357452055,24.3559726,270,412,317,294582.9266,511,89.99475861,0.303632442
15,74.9,4.357452055,24.3559726,312,412,277,299313.98,490,89.99362946,0.316058823
15,75,4.357452055,24.3559726,363,377,260,163785.7141,529,89.99249268,0.386279642
15,75.1,4.357452055,24.3559726,333,440,227,389918.5778,620,89.99204254,0.260851657
15,75.2,4.357452055,24.3559726,338,374,288,292833.9807,628,89.98575592,0.318003887
15,75.3,4.357452055,24.3559726,332,332,336,502200.1803,579,89.96816254,0.255998705
15,75.4,3.024438356,24.97230137,368,344,288,441247.8801,588,89.99436951,0.234784009
15.1,74,7.079205479,27.30109589,289,418,292,464675.7832,381,89.9978714,0.359807143
15.1,74.1,7.355917808,24.93920548,299,420,281,282845.1214,106,89.99557495,0.478753331
15.1,74.2,7.355917808,24.93920548,288,429,283,441535.2117,63,0,0.568497859
15.1,74.3,7.355917808,24.93920548,320,416,264,401938.2352,712,89.99249268,0.357942392
15.1,74.4,7.355917808,24.93920548,262,449,289,300681.1726,639,89.98937988,0.381166301
15.1,74.5,7.355917808,24.93920548,256,465,280,406045.3922,490,89.99821472,0.354951378
15.1,74.6,7.355917808,24.93920548,257,444,299,221722.5287,566,89.9990387,0.421324628
15.1,74.7,4.357452055,24.3559726,271,436,292,338630.5959,443,89.99407959,0.28909458
15.1,74.8,4.357452055,24.3559726,319,414,267,57140.962,459,89.9949646,0.413627055
15.1,74.9,4.357452055,24.3559726,343,395,262,396607.2503,565,89.97748566,0.28200504
15.1,75,4.357452055,24.3559726,361,377,262,323297.2372,543,89.99375153,0.323075058
15.1,75.1,4.357452055,24.3559726,324,426,250,328255.049,662,89.99227142,0.280499803
15.1,75.2,4.357452055,24.3559726,361,342,298,376850.7001,724,89.99690247,0.288827815
15.1,75.3,4.357452055,24.3559726,359,340,301,101903.0749,633,89.98575592,0.405874229
15.1,75.4,3.024438356,24.97230137,351,331,318,377112.5447,664,89.99524689,0.248349032
15.2,74,7.079205479,27.30109589,358,349,293,347926.9474,9,89.99288177,0.493927253
15.2,74.1,7.355917808,24.93920548,352,374,274,249933.7489,37,89.97748566,0.528547078
15.2,74.2,7.355917808,24.93920548,313,394,293,442121.0589,84,89.99690247,0.432588615
15.2,74.3,7.355917808,24.93920548,266,447,286,382038.0432,540,89.998909,0.365089572
15.2,74.4,7.355917808,24.93920548,309,424,267,376456.4158,779,89.99824524,0.353238329
15.2,74.5,7.355917808,24.93920548,310,423,260,200291.2361,544,89.99629211,0.451760524
15.2,74.6,7.355917808,24.93920548,252,456,292,426910.7009,544,89.9949646,0.341195147
15.2,74.7,4.357452055,24.3559726,310,423,260,400119.2963,437,0,0.42979427
15.2,74.8,4.357452055,24.3559726,345,376,279,372787.8907,531,89.98937988,0.301933297
15.2,74.9,4.357452055,24.3559726,365,386,249,257549.5542,504,89.99116516,0.351758934
15.2,75,4.357452055,24.3559726,381,371,248,407318.1111,541,89.96816254,0.298463625
15.2,75.1,4.357452055,24.3559726,347,379,274,370765.977,582,89.97748566,0.295429077
15.2,75.2,4.357452055,24.3559726,349,319,332,386722.4962,629,89.9899292,0.301588373
15.2,75.3,4.357452055,24.3559726,366,336,298,249472.0319,629,89.98575592,0.353245044
15.2,75.4,3.024438356,24.97230137,361,335,305,286571.658,636,89.99116516,0.288230592
15.3,74,6.490767123,27.2849863,324,355,321,349832.6504,8,89.99643707,0.460896029
15.3,74.1,5.322767123,24.81783562,296,411,293,427939.1772,59,89.99738312,0.356951293
15.3,74.2,5.322767123,24.81783562,305,388,307,386343.9313,68,89.99591827,0.380896921
15.3,74.3,5.322767123,24.81783562,279,432,289,426696.059,414,89.99790955,0.298454828
15.3,74.4,5.322767123,24.81783562,268,438,294,84541.67481,782,89.99591827,0.374200942
15.3,74.5,5.322767123,24.81783562,310,423,260,201198.2267,544,0,0.526595336
15.3,74.6,5.322767123,24.81783562,281,423,296,156367.1615,475,89.98575592,0.396444635
15.3,74.7,3.431232877,24.39389041,301,430,269,379000.7391,493,89.9899292,0.242730987
15.3,74.8,3.431232877,24.39389041,360,354,286,354634.1989,529,89.98407745,0.285644419
15.3,74.9,3.431232877,24.39389041,321,386,293,471525.0158,630,89.99475861,0.207444546
15.3,75,3.431232877,24.39389041,325,408,267,379487.4959,575,89.9899292,0.244395893
15.3,75.1,3.431232877,24.39389041,309,419,272,227601.2931,619,89.98873901,0.288759928
15.3,75.2,3.431232877,24.39389041,415,294,290,375613.2585,611,89.98937988,0.298990994
15.3,75.3,3.431232877,24.39389041,406,288,306,160492.2383,598,89.98575592,0.382308588
15.3,75.4,2.654356164,25.13816438,371,299,330,374662.674,624,89.96816254,0.256068265
15.4,74,6.490767123,27.2849863,310,423,260,410660.568,33,89.98873901,0.409087949
15.4,74.1,5.322767123,24.81783562,325,373,302,450220.7625,56,89.9899292,0.368000156
15.4,74.2,5.322767123,24.81783562,283,419,298,396891.4906,84,89.96816254,0.359594681
15.4,74.3,5.322767123,24.81783562,283,421,296,282557.0359,658,89.99204254,0.324666203
15.4,74.4,5.322767123,24.81783562,273,400,327,400271.4127,585,89.99468994,0.29341021
15.4,74.5,5.322767123,24.81783562,286,424,291,142292.8038,671,89.98873901,0.376385929
15.4,74.6,5.322767123,24.81783562,279,426,295,298473.0165,709,89.99549866,0.309115139
15.4,74.7,3.431232877,24.39389041,323,425,252,349142.715,599,0,0.397029577
15.4,74.8,3.431232877,24.39389041,350,381,269,80925.64749,588,89.99562073,0.371123621
15.4,74.9,3.431232877,24.39389041,319,400,281,214589.7371,647,89.99116516,0.298288216
15.4,75,3.431232877,24.39389041,305,413,282,395290.6486,692,89.99502563,0.215712209
15.4,75.1,3.431232877,24.39389041,297,425,278,287125.67,651,89.99407959,0.256754569
15.4,75.2,3.431232877,24.39389041,383,291,326,420054.0601,618,89.9899292,0.273718596
15.4,75.3,3.431232877,24.39389041,400,275,325,372012.6331,585,89.98873901,0.3058145
15.4,75.4,2.654356164,25.13816438,374,349,277,220945.1413,606,89.99227142,0.302740754
